id,expected
0,0.4802975452427547
1,0.32797903378602167
2,0.526995536980203
3,0.6800290288692683
4,0.7558973210882074
5,0.3395316625584659
6,0.29098691400555177
7,0.28250309478622837
8,0.680827561013528
9,0.4149162708902385
10,0.5625706253865694
11,0.3482815884868764
12,0.2893829905835861
13,0.38739067793894466
14,0.4198897383175617
15,0.7859493714146254
16,0.47413635700377554
17,0.4995268178690875
18,0.2910586255691414
19,0.46309630185466266
